"","x"
"1","https://fbref.com/en/matches/fa531c8b/Barracas-Central-CC-Cordoba-June-3-2022-Primera-Division?utm_source=direct&utm_medium=Share&utm_campaign=ShareTool"
"2","https://fbref.com/en/matches/8a5c877e/Tucuman-Colon-June-4-2022-Primera-Division?utm_source=direct&utm_medium=Share&utm_campaign=ShareTool"
"3","https://fbref.com/en/matches/8dbd30f4/San-Lorenzo-Independiente-June-4-2022-Primera-Division?utm_source=direct&utm_medium=Share&utm_campaign=ShareTool"
"4","https://fbref.com/en/matches/00f478fc/Banfield-Newells-OB-June-4-2022-Primera-Division?utm_source=direct&utm_medium=Share&utm_campaign=ShareTool"
"5","https://fbref.com/en/matches/4416789e/Patronato-Velez-Sarsf-June-4-2022-Primera-Division?utm_source=direct&utm_medium=Share&utm_campaign=ShareTool"
"6","https://fbref.com/en/matches/d794ca0e/Platense-Godoy-Cruz-June-4-2022-Primera-Division?utm_source=direct&utm_medium=Share&utm_campaign=ShareTool"
"7","https://fbref.com/en/matches/1d703f65/CA-Union-Tigre-June-5-2022-Primera-Division?utm_source=direct&utm_medium=Share&utm_campaign=ShareTool"
"8","https://fbref.com/en/matches/8d896daf/Talleres-Sarmiento-June-5-2022-Primera-Division?utm_source=direct&utm_medium=Share&utm_campaign=ShareTool"
"9","https://fbref.com/en/matches/3302050d/Estudiantes-Gimnasia-ELP-June-5-2022-Primera-Division?utm_source=direct&utm_medium=Share&utm_campaign=ShareTool"
"10","https://fbref.com/en/matches/43e41f41/Boca-Juniors-Arsenal-June-5-2022-Primera-Division?utm_source=direct&utm_medium=Share&utm_campaign=ShareTool"
"11","https://fbref.com/en/matches/71ff12a6/Racing-Club-CA-Huracan-June-4-2022-Primera-Division?utm_source=direct&utm_medium=Share&utm_campaign=ShareTool"
"12","https://fbref.com/en/matches/ee7e995b/Rosario-Cent-Lanus-June-6-2022-Primera-Division?utm_source=direct&utm_medium=Share&utm_campaign=ShareTool"
"13","https://fbref.com/en/matches/275ac622/Defensa-y-Just-River-Plate-June-5-2022-Primera-Division?utm_source=direct&utm_medium=Share&utm_campaign=ShareTool"
"14","https://fbref.com/en/matches/16734a52/Argentinos-Jun-Aldosivi-June-6-2022-Primera-Division?utm_source=direct&utm_medium=Share&utm_campaign=ShareTool"
"15","https://fbref.com/en/matches/b78e57e3/Newells-OB-San-Lorenzo-June-9-2022-Primera-Division?utm_source=direct&utm_medium=Share&utm_campaign=ShareTool"
"16","https://fbref.com/en/matches/34cd3924/Gimnasia-ELP-Patronato-June-10-2022-Primera-Division?utm_source=direct&utm_medium=Share&utm_campaign=ShareTool"
"17","https://fbref.com/en/matches/a461d41c/Lanus-Defensa-y-Just-June-10-2022-Primera-Division?utm_source=direct&utm_medium=Share&utm_campaign=ShareTool"
"18","https://fbref.com/en/matches/d9231f48/Aldosivi-Estudiantes-June-10-2022-Primera-Division?utm_source=direct&utm_medium=Share&utm_campaign=ShareTool"
"19","https://fbref.com/en/matches/91164986/Arsenal-Banfield-June-11-2022-Primera-Division?utm_source=direct&utm_medium=Share&utm_campaign=ShareTool"
"20","https://fbref.com/en/matches/9618b74c/Tigre-Barracas-Central-June-11-2022-Primera-Division?utm_source=direct&utm_medium=Share&utm_campaign=ShareTool"
"21","https://fbref.com/en/matches/fbbb4d1e/Sarmiento-Argentinos-Jun-June-11-2022-Primera-Division?utm_source=direct&utm_medium=Share&utm_campaign=ShareTool"
"22","https://fbref.com/en/matches/95e2f008/River-Plate-Tucuman-June-11-2022-Primera-Division?utm_source=direct&utm_medium=Share&utm_campaign=ShareTool"
"23","https://fbref.com/en/matches/1e04a5f3/CA-Huracan-Rosario-Cent-June-10-2022-Primera-Division?utm_source=direct&utm_medium=Share&utm_campaign=ShareTool"
"24","https://fbref.com/en/matches/b352ad25/Independiente-Talleres-June-10-2022-Primera-Division?utm_source=direct&utm_medium=Share&utm_campaign=ShareTool"
"25","https://fbref.com/en/matches/62bb23de/Colon-CA-Union-June-12-2022-Primera-Division?utm_source=direct&utm_medium=Share&utm_campaign=ShareTool"
"26","https://fbref.com/en/matches/70fc7719/Godoy-Cruz-Racing-Club-June-12-2022-Primera-Division?utm_source=direct&utm_medium=Share&utm_campaign=ShareTool"
"27","https://fbref.com/en/matches/f1a880ce/Velez-Sarsf-Platense-June-12-2022-Primera-Division?utm_source=direct&utm_medium=Share&utm_campaign=ShareTool"
"28","https://fbref.com/en/matches/83949e59/CC-Cordoba-Boca-Juniors-June-12-2022-Primera-Division?utm_source=direct&utm_medium=Share&utm_campaign=ShareTool"
"29","https://fbref.com/en/matches/c97fdbae/San-Lorenzo-Arsenal-June-14-2022-Primera-Division?utm_source=direct&utm_medium=Share&utm_campaign=ShareTool"
"30","https://fbref.com/en/matches/15df410e/Talleres-Newells-OB-June-14-2022-Primera-Division?utm_source=direct&utm_medium=Share&utm_campaign=ShareTool"
"31","https://fbref.com/en/matches/d182a8ba/Patronato-Aldosivi-June-14-2022-Primera-Division?utm_source=direct&utm_medium=Share&utm_campaign=ShareTool"
"32","https://fbref.com/en/matches/d9ba58d6/Barracas-Central-CA-Union-June-15-2022-Primera-Division?utm_source=direct&utm_medium=Share&utm_campaign=ShareTool"
"33","https://fbref.com/en/matches/553eb9ff/Banfield-CC-Cordoba-June-15-2022-Primera-Division?utm_source=direct&utm_medium=Share&utm_campaign=ShareTool"
"34","https://fbref.com/en/matches/9f425902/Tucuman-Lanus-June-15-2022-Primera-Division?utm_source=direct&utm_medium=Share&utm_campaign=ShareTool"
"35","https://fbref.com/en/matches/161afd6f/Colon-River-Plate-June-15-2022-Primera-Division?utm_source=direct&utm_medium=Share&utm_campaign=ShareTool"
"36","https://fbref.com/en/matches/e9817850/Defensa-y-Just-CA-Huracan-June-14-2022-Primera-Division?utm_source=direct&utm_medium=Share&utm_campaign=ShareTool"
"37","https://fbref.com/en/matches/fce7f313/Estudiantes-Sarmiento-June-14-2022-Primera-Division?utm_source=direct&utm_medium=Share&utm_campaign=ShareTool"
"38","https://fbref.com/en/matches/3a451621/Rosario-Cent-Godoy-Cruz-June-16-2022-Primera-Division?utm_source=direct&utm_medium=Share&utm_campaign=ShareTool"
"39","https://fbref.com/en/matches/620cc1e5/Argentinos-Jun-Independiente-June-16-2022-Primera-Division?utm_source=direct&utm_medium=Share&utm_campaign=ShareTool"
"40","https://fbref.com/en/matches/16da6e86/Boca-Juniors-Tigre-June-15-2022-Primera-Division?utm_source=direct&utm_medium=Share&utm_campaign=ShareTool"
"41","https://fbref.com/en/matches/8ed7d3a5/Platense-Gimnasia-ELP-June-16-2022-Primera-Division?utm_source=direct&utm_medium=Share&utm_campaign=ShareTool"
"42","https://fbref.com/en/matches/bf667f24/Racing-Club-Velez-Sarsf-June-16-2022-Primera-Division?utm_source=direct&utm_medium=Share&utm_campaign=ShareTool"
"43","https://fbref.com/en/matches/94e8acb9/Arsenal-Talleres-June-18-2022-Primera-Division?utm_source=direct&utm_medium=Share&utm_campaign=ShareTool"
"44","https://fbref.com/en/matches/d4e9c2cd/Sarmiento-Patronato-June-18-2022-Primera-Division?utm_source=direct&utm_medium=Share&utm_campaign=ShareTool"
"45","https://fbref.com/en/matches/a85030ab/Tigre-Banfield-June-19-2022-Primera-Division?utm_source=direct&utm_medium=Share&utm_campaign=ShareTool"
"46","https://fbref.com/en/matches/5e83d8d2/Lanus-Colon-June-19-2022-Primera-Division?utm_source=direct&utm_medium=Share&utm_campaign=ShareTool"
"47","https://fbref.com/en/matches/877713a4/CA-Huracan-Tucuman-June-19-2022-Primera-Division?utm_source=direct&utm_medium=Share&utm_campaign=ShareTool"
"48","https://fbref.com/en/matches/54372e17/CA-Union-River-Plate-June-19-2022-Primera-Division?utm_source=direct&utm_medium=Share&utm_campaign=ShareTool"
"49","https://fbref.com/en/matches/7d546507/Godoy-Cruz-Defensa-y-Just-June-20-2022-Primera-Division?utm_source=direct&utm_medium=Share&utm_campaign=ShareTool"
"50","https://fbref.com/en/matches/7043766c/Velez-Sarsf-Rosario-Cent-June-20-2022-Primera-Division?utm_source=direct&utm_medium=Share&utm_campaign=ShareTool"
"51","https://fbref.com/en/matches/e4998532/Gimnasia-ELP-Racing-Club-June-20-2022-Primera-Division?utm_source=direct&utm_medium=Share&utm_campaign=ShareTool"
"52","https://fbref.com/en/matches/36924da9/Barracas-Central-Boca-Juniors-June-19-2022-Primera-Division?utm_source=direct&utm_medium=Share&utm_campaign=ShareTool"
"53","https://fbref.com/en/matches/c80e85b1/Aldosivi-Platense-June-21-2022-Primera-Division?utm_source=direct&utm_medium=Share&utm_campaign=ShareTool"
"54","https://fbref.com/en/matches/7920ca26/Newells-OB-Argentinos-Jun-June-20-2022-Primera-Division?utm_source=direct&utm_medium=Share&utm_campaign=ShareTool"
"55","https://fbref.com/en/matches/8fd7df82/Independiente-Estudiantes-June-20-2022-Primera-Division?utm_source=direct&utm_medium=Share&utm_campaign=ShareTool"
"56","https://fbref.com/en/matches/e6945889/CC-Cordoba-San-Lorenzo-June-21-2022-Primera-Division?utm_source=direct&utm_medium=Share&utm_campaign=ShareTool"
"57","https://fbref.com/en/matches/145e509d/Rosario-Cent-Gimnasia-ELP-June-24-2022-Primera-Division?utm_source=direct&utm_medium=Share&utm_campaign=ShareTool"
"58","https://fbref.com/en/matches/d56845a3/Banfield-Barracas-Central-June-24-2022-Primera-Division?utm_source=direct&utm_medium=Share&utm_campaign=ShareTool"
"59","https://fbref.com/en/matches/26598074/Defensa-y-Just-Velez-Sarsf-June-25-2022-Primera-Division?utm_source=direct&utm_medium=Share&utm_campaign=ShareTool"
"60","https://fbref.com/en/matches/e393fa69/Talleres-CC-Cordoba-June-25-2022-Primera-Division?utm_source=direct&utm_medium=Share&utm_campaign=ShareTool"
"61","https://fbref.com/en/matches/6718b9aa/Estudiantes-Newells-OB-June-25-2022-Primera-Division?utm_source=direct&utm_medium=Share&utm_campaign=ShareTool"
"62","https://fbref.com/en/matches/8a8252e9/Colon-CA-Huracan-June-25-2022-Primera-Division?utm_source=direct&utm_medium=Share&utm_campaign=ShareTool"
"63","https://fbref.com/en/matches/24b3de65/River-Plate-Lanus-June-25-2022-Primera-Division?utm_source=direct&utm_medium=Share&utm_campaign=ShareTool"
"64","https://fbref.com/en/matches/53e7cd11/Boca-Juniors-CA-Union-June-24-2022-Primera-Division?utm_source=direct&utm_medium=Share&utm_campaign=ShareTool"
"65","https://fbref.com/en/matches/07c8c501/San-Lorenzo-Tigre-June-26-2022-Primera-Division?utm_source=direct&utm_medium=Share&utm_campaign=ShareTool"
"66","https://fbref.com/en/matches/70862c6e/Platense-Sarmiento-June-26-2022-Primera-Division?utm_source=direct&utm_medium=Share&utm_campaign=ShareTool"
"67","https://fbref.com/en/matches/2e83cb2e/Racing-Club-Aldosivi-June-26-2022-Primera-Division?utm_source=direct&utm_medium=Share&utm_campaign=ShareTool"
"68","https://fbref.com/en/matches/19cc9666/Argentinos-Jun-Arsenal-June-26-2022-Primera-Division?utm_source=direct&utm_medium=Share&utm_campaign=ShareTool"
"69","https://fbref.com/en/matches/1b0f64b0/Patronato-Independiente-June-27-2022-Primera-Division?utm_source=direct&utm_medium=Share&utm_campaign=ShareTool"
"70","https://fbref.com/en/matches/7cac1d7b/Tucuman-Godoy-Cruz-June-27-2022-Primera-Division?utm_source=direct&utm_medium=Share&utm_campaign=ShareTool"
"71","https://fbref.com/en/matches/e3c56be4/CC-Cordoba-Argentinos-Jun-July-1-2022-Primera-Division?utm_source=direct&utm_medium=Share&utm_campaign=ShareTool"
"72","https://fbref.com/en/matches/125af96f/Tigre-Talleres-July-2-2022-Primera-Division?utm_source=direct&utm_medium=Share&utm_campaign=ShareTool"
"73","https://fbref.com/en/matches/20fa3831/Godoy-Cruz-Colon-July-2-2022-Primera-Division?utm_source=direct&utm_medium=Share&utm_campaign=ShareTool"
"74","https://fbref.com/en/matches/8fe978f4/Velez-Sarsf-Tucuman-July-2-2022-Primera-Division?utm_source=direct&utm_medium=Share&utm_campaign=ShareTool"
"75","https://fbref.com/en/matches/58a7c052/Gimnasia-ELP-Defensa-y-Just-July-2-2022-Primera-Division?utm_source=direct&utm_medium=Share&utm_campaign=ShareTool"
"76","https://fbref.com/en/matches/7b8e2d8d/Boca-Juniors-Banfield-July-1-2022-Primera-Division?utm_source=direct&utm_medium=Share&utm_campaign=ShareTool"
"77","https://fbref.com/en/matches/3e67f120/CA-Union-Lanus-July-3-2022-Primera-Division?utm_source=direct&utm_medium=Share&utm_campaign=ShareTool"
"78","https://fbref.com/en/matches/a3e8b6f1/Barracas-Central-San-Lorenzo-July-3-2022-Primera-Division?utm_source=direct&utm_medium=Share&utm_campaign=ShareTool"
"79","https://fbref.com/en/matches/4b730192/Sarmiento-Racing-Club-July-3-2022-Primera-Division?utm_source=direct&utm_medium=Share&utm_campaign=ShareTool"
"80","https://fbref.com/en/matches/006555d9/Arsenal-Estudiantes-July-4-2022-Primera-Division?utm_source=direct&utm_medium=Share&utm_campaign=ShareTool"
"81","https://fbref.com/en/matches/4143acf3/Newells-OB-Patronato-July-4-2022-Primera-Division?utm_source=direct&utm_medium=Share&utm_campaign=ShareTool"
"82","https://fbref.com/en/matches/81ea4132/Aldosivi-Rosario-Cent-July-4-2022-Primera-Division?utm_source=direct&utm_medium=Share&utm_campaign=ShareTool"
"83","https://fbref.com/en/matches/3b524efb/CA-Huracan-River-Plate-July-3-2022-Primera-Division?utm_source=direct&utm_medium=Share&utm_campaign=ShareTool"
"84","https://fbref.com/en/matches/2ecddb0a/Independiente-Platense-July-4-2022-Primera-Division?utm_source=direct&utm_medium=Share&utm_campaign=ShareTool"
"85","https://fbref.com/en/matches/f6e50039/Rosario-Cent-Sarmiento-July-8-2022-Primera-Division?utm_source=direct&utm_medium=Share&utm_campaign=ShareTool"
"86","https://fbref.com/en/matches/1ebe21c2/Patronato-Arsenal-July-9-2022-Primera-Division?utm_source=direct&utm_medium=Share&utm_campaign=ShareTool"
"87","https://fbref.com/en/matches/a588f30e/San-Lorenzo-Boca-Juniors-July-9-2022-Primera-Division?utm_source=direct&utm_medium=Share&utm_campaign=ShareTool"
"88","https://fbref.com/en/matches/d8aba780/Banfield-CA-Union-July-9-2022-Primera-Division?utm_source=direct&utm_medium=Share&utm_campaign=ShareTool"
"89","https://fbref.com/en/matches/099c2f56/Platense-Newells-OB-July-9-2022-Primera-Division?utm_source=direct&utm_medium=Share&utm_campaign=ShareTool"
"90","https://fbref.com/en/matches/c7c5b9c4/Talleres-Barracas-Central-July-9-2022-Primera-Division?utm_source=direct&utm_medium=Share&utm_campaign=ShareTool"
"91","https://fbref.com/en/matches/c2c84edc/Estudiantes-CC-Cordoba-July-10-2022-Primera-Division?utm_source=direct&utm_medium=Share&utm_campaign=ShareTool"
"92","https://fbref.com/en/matches/8327c7a9/Racing-Club-Independiente-July-10-2022-Primera-Division?utm_source=direct&utm_medium=Share&utm_campaign=ShareTool"
"93","https://fbref.com/en/matches/c25ef036/Tucuman-Gimnasia-ELP-July-10-2022-Primera-Division?utm_source=direct&utm_medium=Share&utm_campaign=ShareTool"
"94","https://fbref.com/en/matches/f9d99983/Lanus-CA-Huracan-July-10-2022-Primera-Division?utm_source=direct&utm_medium=Share&utm_campaign=ShareTool"
"95","https://fbref.com/en/matches/ce2928e1/River-Plate-Godoy-Cruz-July-10-2022-Primera-Division?utm_source=direct&utm_medium=Share&utm_campaign=ShareTool"
"96","https://fbref.com/en/matches/1eca9b82/Defensa-y-Just-Aldosivi-July-11-2022-Primera-Division?utm_source=direct&utm_medium=Share&utm_campaign=ShareTool"
"97","https://fbref.com/en/matches/8e967603/Colon-Velez-Sarsf-July-11-2022-Primera-Division?utm_source=direct&utm_medium=Share&utm_campaign=ShareTool"
"98","https://fbref.com/en/matches/aade8766/Argentinos-Jun-Tigre-July-11-2022-Primera-Division?utm_source=direct&utm_medium=Share&utm_campaign=ShareTool"
"99","https://fbref.com/en/matches/7868405e/Sarmiento-Defensa-y-Just-July-15-2022-Primera-Division?utm_source=direct&utm_medium=Share&utm_campaign=ShareTool"
"100","https://fbref.com/en/matches/74d0ca21/CC-Cordoba-Patronato-July-14-2022-Primera-Division?utm_source=direct&utm_medium=Share&utm_campaign=ShareTool"
"101","https://fbref.com/en/matches/8a3e6849/Barracas-Central-Argentinos-Jun-July-16-2022-Primera-Division?utm_source=direct&utm_medium=Share&utm_campaign=ShareTool"
"102","https://fbref.com/en/matches/b78871bd/Independiente-Rosario-Cent-July-16-2022-Primera-Division?utm_source=direct&utm_medium=Share&utm_campaign=ShareTool"
"103","https://fbref.com/en/matches/dbe151e9/Gimnasia-ELP-Colon-July-16-2022-Primera-Division?utm_source=direct&utm_medium=Share&utm_campaign=ShareTool"
"104","https://fbref.com/en/matches/5187a533/Newells-OB-Racing-Club-July-16-2022-Primera-Division?utm_source=direct&utm_medium=Share&utm_campaign=ShareTool"
"105","https://fbref.com/en/matches/cb78d997/Boca-Juniors-Talleres-July-16-2022-Primera-Division?utm_source=direct&utm_medium=Share&utm_campaign=ShareTool"
"106","https://fbref.com/en/matches/02ac8a2b/Arsenal-Platense-July-15-2022-Primera-Division?utm_source=direct&utm_medium=Share&utm_campaign=ShareTool"
"107","https://fbref.com/en/matches/3bc2bd6f/Aldosivi-Tucuman-July-15-2022-Primera-Division?utm_source=direct&utm_medium=Share&utm_campaign=ShareTool"
"108","https://fbref.com/en/matches/970fd41b/Godoy-Cruz-Lanus-July-17-2022-Primera-Division?utm_source=direct&utm_medium=Share&utm_campaign=ShareTool"
"109","https://fbref.com/en/matches/f8ce4a80/CA-Union-CA-Huracan-July-17-2022-Primera-Division?utm_source=direct&utm_medium=Share&utm_campaign=ShareTool"
"110","https://fbref.com/en/matches/d4fa7e63/Banfield-San-Lorenzo-July-17-2022-Primera-Division?utm_source=direct&utm_medium=Share&utm_campaign=ShareTool"
"111","https://fbref.com/en/matches/56b5469b/Tigre-Estudiantes-July-17-2022-Primera-Division?utm_source=direct&utm_medium=Share&utm_campaign=ShareTool"
"112","https://fbref.com/en/matches/40348afe/Velez-Sarsf-River-Plate-July-17-2022-Primera-Division?utm_source=direct&utm_medium=Share&utm_campaign=ShareTool"
"113","https://fbref.com/en/matches/665bb3f1/Platense-CC-Cordoba-July-19-2022-Primera-Division?utm_source=direct&utm_medium=Share&utm_campaign=ShareTool"
"114","https://fbref.com/en/matches/fb911bec/Colon-Aldosivi-July-19-2022-Primera-Division?utm_source=direct&utm_medium=Share&utm_campaign=ShareTool"
"115","https://fbref.com/en/matches/90b683da/Tucuman-Sarmiento-July-19-2022-Primera-Division?utm_source=direct&utm_medium=Share&utm_campaign=ShareTool"
"116","https://fbref.com/en/matches/d2000b1c/Racing-Club-Arsenal-July-19-2022-Primera-Division?utm_source=direct&utm_medium=Share&utm_campaign=ShareTool"
"117","https://fbref.com/en/matches/5f74c791/San-Lorenzo-CA-Union-July-20-2022-Primera-Division?utm_source=direct&utm_medium=Share&utm_campaign=ShareTool"
"118","https://fbref.com/en/matches/0dac3404/Patronato-Tigre-July-20-2022-Primera-Division?utm_source=direct&utm_medium=Share&utm_campaign=ShareTool"
"119","https://fbref.com/en/matches/c508210b/Estudiantes-Barracas-Central-July-20-2022-Primera-Division?utm_source=direct&utm_medium=Share&utm_campaign=ShareTool"
"120","https://fbref.com/en/matches/dc654f58/Defensa-y-Just-Independiente-July-20-2022-Primera-Division?utm_source=direct&utm_medium=Share&utm_campaign=ShareTool"
"121","https://fbref.com/en/matches/bef1e759/Argentinos-Jun-Boca-Juniors-July-19-2022-Primera-Division?utm_source=direct&utm_medium=Share&utm_campaign=ShareTool"
"122","https://fbref.com/en/matches/fcb1513c/Rosario-Cent-Newells-OB-July-21-2022-Primera-Division?utm_source=direct&utm_medium=Share&utm_campaign=ShareTool"
"123","https://fbref.com/en/matches/fdecbe6b/Talleres-Banfield-July-21-2022-Primera-Division?utm_source=direct&utm_medium=Share&utm_campaign=ShareTool"
"124","https://fbref.com/en/matches/815f74e5/Lanus-Velez-Sarsf-July-20-2022-Primera-Division?utm_source=direct&utm_medium=Share&utm_campaign=ShareTool"
"125","https://fbref.com/en/matches/8847cdb2/CA-Huracan-Godoy-Cruz-July-20-2022-Primera-Division?utm_source=direct&utm_medium=Share&utm_campaign=ShareTool"
"126","https://fbref.com/en/matches/157ab5a5/River-Plate-Gimnasia-ELP-July-21-2022-Primera-Division?utm_source=direct&utm_medium=Share&utm_campaign=ShareTool"
"127","https://fbref.com/en/matches/cfb46888/Sarmiento-Colon-July-23-2022-Primera-Division?utm_source=direct&utm_medium=Share&utm_campaign=ShareTool"
"128","https://fbref.com/en/matches/b4efc9be/CC-Cordoba-Racing-Club-July-23-2022-Primera-Division?utm_source=direct&utm_medium=Share&utm_campaign=ShareTool"
"129","https://fbref.com/en/matches/a5e6d510/Independiente-Tucuman-July-24-2022-Primera-Division?utm_source=direct&utm_medium=Share&utm_campaign=ShareTool"
"130","https://fbref.com/en/matches/ca5d399b/Tigre-Platense-July-24-2022-Primera-Division?utm_source=direct&utm_medium=Share&utm_campaign=ShareTool"
"131","https://fbref.com/en/matches/f864e2f5/Aldosivi-River-Plate-July-24-2022-Primera-Division?utm_source=direct&utm_medium=Share&utm_campaign=ShareTool"
"132","https://fbref.com/en/matches/fb80e38c/Gimnasia-ELP-Lanus-July-24-2022-Primera-Division?utm_source=direct&utm_medium=Share&utm_campaign=ShareTool"
"133","https://fbref.com/en/matches/9cd224e7/Boca-Juniors-Estudiantes-July-24-2022-Primera-Division?utm_source=direct&utm_medium=Share&utm_campaign=ShareTool"
"134","https://fbref.com/en/matches/37621865/San-Lorenzo-Talleres-July-25-2022-Primera-Division?utm_source=direct&utm_medium=Share&utm_campaign=ShareTool"
"135","https://fbref.com/en/matches/5ec0c7cb/Banfield-Argentinos-Jun-July-25-2022-Primera-Division?utm_source=direct&utm_medium=Share&utm_campaign=ShareTool"
"136","https://fbref.com/en/matches/831a7b93/Newells-OB-Defensa-y-Just-July-25-2022-Primera-Division?utm_source=direct&utm_medium=Share&utm_campaign=ShareTool"
"137","https://fbref.com/en/matches/75212051/Barracas-Central-Patronato-July-26-2022-Primera-Division?utm_source=direct&utm_medium=Share&utm_campaign=ShareTool"
"138","https://fbref.com/en/matches/9d7593f4/Arsenal-Rosario-Cent-July-26-2022-Primera-Division?utm_source=direct&utm_medium=Share&utm_campaign=ShareTool"
"139","https://fbref.com/en/matches/76de97fb/CA-Union-Godoy-Cruz-July-25-2022-Primera-Division?utm_source=direct&utm_medium=Share&utm_campaign=ShareTool"
"140","https://fbref.com/en/matches/88f51815/Velez-Sarsf-CA-Huracan-July-25-2022-Primera-Division?utm_source=direct&utm_medium=Share&utm_campaign=ShareTool"
"141","https://fbref.com/en/matches/3e3b537d/Godoy-Cruz-Velez-Sarsf-July-29-2022-Primera-Division?utm_source=direct&utm_medium=Share&utm_campaign=ShareTool"
"142","https://fbref.com/en/matches/ad5fdd1c/Argentinos-Jun-San-Lorenzo-July-30-2022-Primera-Division?utm_source=direct&utm_medium=Share&utm_campaign=ShareTool"
"143","https://fbref.com/en/matches/20955622/Estudiantes-Banfield-July-30-2022-Primera-Division?utm_source=direct&utm_medium=Share&utm_campaign=ShareTool"
"144","https://fbref.com/en/matches/39c23982/Tucuman-Newells-OB-July-30-2022-Primera-Division?utm_source=direct&utm_medium=Share&utm_campaign=ShareTool"
"145","https://fbref.com/en/matches/99038dea/CA-Huracan-Gimnasia-ELP-July-30-2022-Primera-Division?utm_source=direct&utm_medium=Share&utm_campaign=ShareTool"
"146","https://fbref.com/en/matches/742dcf41/Lanus-Aldosivi-July-31-2022-Primera-Division?utm_source=direct&utm_medium=Share&utm_campaign=ShareTool"
"147","https://fbref.com/en/matches/b2a665ef/Platense-Barracas-Central-July-31-2022-Primera-Division?utm_source=direct&utm_medium=Share&utm_campaign=ShareTool"
"148","https://fbref.com/en/matches/0ea07394/Racing-Club-Tigre-July-31-2022-Primera-Division?utm_source=direct&utm_medium=Share&utm_campaign=ShareTool"
"149","https://fbref.com/en/matches/eda6afd8/Patronato-Boca-Juniors-July-31-2022-Primera-Division?utm_source=direct&utm_medium=Share&utm_campaign=ShareTool"
"150","https://fbref.com/en/matches/2e106d85/River-Plate-Sarmiento-July-31-2022-Primera-Division?utm_source=direct&utm_medium=Share&utm_campaign=ShareTool"
"151","https://fbref.com/en/matches/630af964/Rosario-Cent-CC-Cordoba-August-1-2022-Primera-Division?utm_source=direct&utm_medium=Share&utm_campaign=ShareTool"
"152","https://fbref.com/en/matches/d004b5fa/Defensa-y-Just-Arsenal-August-1-2022-Primera-Division?utm_source=direct&utm_medium=Share&utm_campaign=ShareTool"
"153","https://fbref.com/en/matches/c2336fe4/Colon-Independiente-August-1-2022-Primera-Division?utm_source=direct&utm_medium=Share&utm_campaign=ShareTool"
"154","https://fbref.com/en/matches/174d05fa/Gimnasia-ELP-Godoy-Cruz-August-5-2022-Primera-Division?utm_source=direct&utm_medium=Share&utm_campaign=ShareTool"
"155","https://fbref.com/en/matches/191ed382/Arsenal-Tucuman-August-6-2022-Primera-Division?utm_source=direct&utm_medium=Share&utm_campaign=ShareTool"
"156","https://fbref.com/en/matches/c928d4b1/Barracas-Central-Racing-Club-August-6-2022-Primera-Division?utm_source=direct&utm_medium=Share&utm_campaign=ShareTool"
"157","https://fbref.com/en/matches/d0a23a9f/Talleres-Argentinos-Jun-August-6-2022-Primera-Division?utm_source=direct&utm_medium=Share&utm_campaign=ShareTool"
"158","https://fbref.com/en/matches/f9e46d8d/CA-Union-Velez-Sarsf-August-6-2022-Primera-Division?utm_source=direct&utm_medium=Share&utm_campaign=ShareTool"
"159","https://fbref.com/en/matches/48dd1286/Banfield-Patronato-August-5-2022-Primera-Division?utm_source=direct&utm_medium=Share&utm_campaign=ShareTool"
"160","https://fbref.com/en/matches/a4f8c293/Sarmiento-Lanus-August-5-2022-Primera-Division?utm_source=direct&utm_medium=Share&utm_campaign=ShareTool"
"161","https://fbref.com/en/matches/3a9028e9/Aldosivi-CA-Huracan-August-7-2022-Primera-Division?utm_source=direct&utm_medium=Share&utm_campaign=ShareTool"
"162","https://fbref.com/en/matches/2bccebb8/San-Lorenzo-Estudiantes-August-7-2022-Primera-Division?utm_source=direct&utm_medium=Share&utm_campaign=ShareTool"
"163","https://fbref.com/en/matches/cbb3952d/Independiente-River-Plate-August-7-2022-Primera-Division?utm_source=direct&utm_medium=Share&utm_campaign=ShareTool"
"164","https://fbref.com/en/matches/71c813a6/Newells-OB-Colon-August-7-2022-Primera-Division?utm_source=direct&utm_medium=Share&utm_campaign=ShareTool"
"165","https://fbref.com/en/matches/876d7f64/Boca-Juniors-Platense-August-6-2022-Primera-Division?utm_source=direct&utm_medium=Share&utm_campaign=ShareTool"
"166","https://fbref.com/en/matches/e1ae6af1/CC-Cordoba-Defensa-y-Just-August-8-2022-Primera-Division?utm_source=direct&utm_medium=Share&utm_campaign=ShareTool"
"167","https://fbref.com/en/matches/f3f6556f/Tigre-Rosario-Cent-August-8-2022-Primera-Division?utm_source=direct&utm_medium=Share&utm_campaign=ShareTool"
"168","https://fbref.com/en/matches/945ccadc/Godoy-Cruz-Aldosivi-August-11-2022-Primera-Division?utm_source=direct&utm_medium=Share&utm_campaign=ShareTool"
"169","https://fbref.com/en/matches/3e8650af/Platense-Banfield-August-12-2022-Primera-Division?utm_source=direct&utm_medium=Share&utm_campaign=ShareTool"
"170","https://fbref.com/en/matches/8c6d09f4/CA-Huracan-Sarmiento-August-12-2022-Primera-Division?utm_source=direct&utm_medium=Share&utm_campaign=ShareTool"
"171","https://fbref.com/en/matches/20f20e80/Colon-Arsenal-August-11-2022-Primera-Division?utm_source=direct&utm_medium=Share&utm_campaign=ShareTool"
"172","https://fbref.com/en/matches/95355bc9/Tucuman-CC-Cordoba-August-11-2022-Primera-Division?utm_source=direct&utm_medium=Share&utm_campaign=ShareTool"
"173","https://fbref.com/en/matches/3c756dc2/Defensa-y-Just-Tigre-August-13-2022-Primera-Division?utm_source=direct&utm_medium=Share&utm_campaign=ShareTool"
"174","https://fbref.com/en/matches/ef1f4d8f/Rosario-Cent-Barracas-Central-August-13-2022-Primera-Division?utm_source=direct&utm_medium=Share&utm_campaign=ShareTool"
"175","https://fbref.com/en/matches/b8730c4d/Lanus-Independiente-August-13-2022-Primera-Division?utm_source=direct&utm_medium=Share&utm_campaign=ShareTool"
"176","https://fbref.com/en/matches/4e13b77b/River-Plate-Newells-OB-August-13-2022-Primera-Division?utm_source=direct&utm_medium=Share&utm_campaign=ShareTool"
"177","https://fbref.com/en/matches/3f664b1e/Patronato-San-Lorenzo-August-12-2022-Primera-Division?utm_source=direct&utm_medium=Share&utm_campaign=ShareTool"
"178","https://fbref.com/en/matches/d8a75076/Velez-Sarsf-Gimnasia-ELP-August-14-2022-Primera-Division?utm_source=direct&utm_medium=Share&utm_campaign=ShareTool"
"179","https://fbref.com/en/matches/671b628d/Argentinos-Jun-CA-Union-August-14-2022-Primera-Division?utm_source=direct&utm_medium=Share&utm_campaign=ShareTool"
"180","https://fbref.com/en/matches/999fa8d0/Estudiantes-Talleres-August-14-2022-Primera-Division?utm_source=direct&utm_medium=Share&utm_campaign=ShareTool"
"181","https://fbref.com/en/matches/bffb7acc/Racing-Club-Boca-Juniors-August-14-2022-Primera-Division?utm_source=direct&utm_medium=Share&utm_campaign=ShareTool"
"182","https://fbref.com/en/matches/ce65a7f5/CC-Cordoba-Colon-August-16-2022-Primera-Division?utm_source=direct&utm_medium=Share&utm_campaign=ShareTool"
"183","https://fbref.com/en/matches/fed1209e/Sarmiento-Godoy-Cruz-August-16-2022-Primera-Division?utm_source=direct&utm_medium=Share&utm_campaign=ShareTool"
"184","https://fbref.com/en/matches/5b8fbd9d/San-Lorenzo-Platense-August-16-2022-Primera-Division?utm_source=direct&utm_medium=Share&utm_campaign=ShareTool"
"185","https://fbref.com/en/matches/bd3ed669/Tigre-Tucuman-August-17-2022-Primera-Division?utm_source=direct&utm_medium=Share&utm_campaign=ShareTool"
"186","https://fbref.com/en/matches/e6066415/Newells-OB-Lanus-August-17-2022-Primera-Division?utm_source=direct&utm_medium=Share&utm_campaign=ShareTool"
"187","https://fbref.com/en/matches/807f296a/Arsenal-River-Plate-August-17-2022-Primera-Division?utm_source=direct&utm_medium=Share&utm_campaign=ShareTool"
"188","https://fbref.com/en/matches/81cc386d/Independiente-CA-Huracan-August-16-2022-Primera-Division?utm_source=direct&utm_medium=Share&utm_campaign=ShareTool"
"189","https://fbref.com/en/matches/1eb34955/Barracas-Central-Defensa-y-Just-August-18-2022-Primera-Division?utm_source=direct&utm_medium=Share&utm_campaign=ShareTool"
"190","https://fbref.com/en/matches/2cd694c8/Aldosivi-Velez-Sarsf-August-18-2022-Primera-Division?utm_source=direct&utm_medium=Share&utm_campaign=ShareTool"
"191","https://fbref.com/en/matches/642f5701/CA-Union-Gimnasia-ELP-August-18-2022-Primera-Division?utm_source=direct&utm_medium=Share&utm_campaign=ShareTool"
"192","https://fbref.com/en/matches/78f2011f/Talleres-Patronato-August-18-2022-Primera-Division?utm_source=direct&utm_medium=Share&utm_campaign=ShareTool"
"193","https://fbref.com/en/matches/d415312c/Boca-Juniors-Rosario-Cent-August-17-2022-Primera-Division?utm_source=direct&utm_medium=Share&utm_campaign=ShareTool"
"194","https://fbref.com/en/matches/7e198dff/Argentinos-Jun-Estudiantes-August-18-2022-Primera-Division?utm_source=direct&utm_medium=Share&utm_campaign=ShareTool"
"195","https://fbref.com/en/matches/cb970e6b/Banfield-Racing-Club-August-18-2022-Primera-Division?utm_source=direct&utm_medium=Share&utm_campaign=ShareTool"
"196","https://fbref.com/en/matches/190cc6bf/Colon-Tigre-August-20-2022-Primera-Division?utm_source=direct&utm_medium=Share&utm_campaign=ShareTool"
"197","https://fbref.com/en/matches/edbc4359/CA-Huracan-Newells-OB-August-20-2022-Primera-Division?utm_source=direct&utm_medium=Share&utm_campaign=ShareTool"
"198","https://fbref.com/en/matches/6271f6a3/Lanus-Arsenal-August-21-2022-Primera-Division?utm_source=direct&utm_medium=Share&utm_campaign=ShareTool"
"199","https://fbref.com/en/matches/348fa525/Godoy-Cruz-Independiente-August-21-2022-Primera-Division?utm_source=direct&utm_medium=Share&utm_campaign=ShareTool"
"200","https://fbref.com/en/matches/959de919/River-Plate-CC-Cordoba-August-21-2022-Primera-Division?utm_source=direct&utm_medium=Share&utm_campaign=ShareTool"
"201","https://fbref.com/en/matches/188b8999/Defensa-y-Just-Boca-Juniors-August-21-2022-Primera-Division?utm_source=direct&utm_medium=Share&utm_campaign=ShareTool"
"202","https://fbref.com/en/matches/88a6d841/Estudiantes-CA-Union-August-22-2022-Primera-Division?utm_source=direct&utm_medium=Share&utm_campaign=ShareTool"
"203","https://fbref.com/en/matches/fbd240b9/Rosario-Cent-Banfield-August-22-2022-Primera-Division?utm_source=direct&utm_medium=Share&utm_campaign=ShareTool"
"204","https://fbref.com/en/matches/d3bbf838/Racing-Club-San-Lorenzo-August-22-2022-Primera-Division?utm_source=direct&utm_medium=Share&utm_campaign=ShareTool"
"205","https://fbref.com/en/matches/020f494b/Patronato-Argentinos-Jun-August-23-2022-Primera-Division?utm_source=direct&utm_medium=Share&utm_campaign=ShareTool"
"206","https://fbref.com/en/matches/6ea59824/Velez-Sarsf-Sarmiento-August-22-2022-Primera-Division?utm_source=direct&utm_medium=Share&utm_campaign=ShareTool"
"207","https://fbref.com/en/matches/7af5cfcb/Platense-Talleres-August-22-2022-Primera-Division?utm_source=direct&utm_medium=Share&utm_campaign=ShareTool"
"208","https://fbref.com/en/matches/1ca6a389/Gimnasia-ELP-Aldosivi-August-23-2022-Primera-Division?utm_source=direct&utm_medium=Share&utm_campaign=ShareTool"
"209","https://fbref.com/en/matches/fe22234f/Tucuman-Barracas-Central-August-23-2022-Primera-Division?utm_source=direct&utm_medium=Share&utm_campaign=ShareTool"
"210","https://fbref.com/en/matches/0e58b7b4/CC-Cordoba-Lanus-August-26-2022-Primera-Division?utm_source=direct&utm_medium=Share&utm_campaign=ShareTool"
"211","https://fbref.com/en/matches/c89b84b1/San-Lorenzo-Rosario-Cent-August-27-2022-Primera-Division?utm_source=direct&utm_medium=Share&utm_campaign=ShareTool"
"212","https://fbref.com/en/matches/91426a1c/Newells-OB-Godoy-Cruz-August-27-2022-Primera-Division?utm_source=direct&utm_medium=Share&utm_campaign=ShareTool"
"213","https://fbref.com/en/matches/f5983af2/Banfield-Defensa-y-Just-August-27-2022-Primera-Division?utm_source=direct&utm_medium=Share&utm_campaign=ShareTool"
"214","https://fbref.com/en/matches/471adf7a/Talleres-Racing-Club-August-27-2022-Primera-Division?utm_source=direct&utm_medium=Share&utm_campaign=ShareTool"
"215","https://fbref.com/en/matches/96d16354/Argentinos-Jun-Platense-August-27-2022-Primera-Division?utm_source=direct&utm_medium=Share&utm_campaign=ShareTool"
"216","https://fbref.com/en/matches/2542e6fe/Tigre-River-Plate-August-27-2022-Primera-Division?utm_source=direct&utm_medium=Share&utm_campaign=ShareTool"
"217","https://fbref.com/en/matches/51106d8c/Arsenal-CA-Huracan-August-26-2022-Primera-Division?utm_source=direct&utm_medium=Share&utm_campaign=ShareTool"
"218","https://fbref.com/en/matches/1730429f/Barracas-Central-Colon-August-28-2022-Primera-Division?utm_source=direct&utm_medium=Share&utm_campaign=ShareTool"
"219","https://fbref.com/en/matches/270f2b61/Sarmiento-Gimnasia-ELP-August-28-2022-Primera-Division?utm_source=direct&utm_medium=Share&utm_campaign=ShareTool"
"220","https://fbref.com/en/matches/326745f0/Independiente-Velez-Sarsf-August-28-2022-Primera-Division?utm_source=direct&utm_medium=Share&utm_campaign=ShareTool"
"221","https://fbref.com/en/matches/39b542e5/Boca-Juniors-Tucuman-August-28-2022-Primera-Division?utm_source=direct&utm_medium=Share&utm_campaign=ShareTool"
"222","https://fbref.com/en/matches/4a72503b/Estudiantes-Patronato-August-28-2022-Primera-Division?utm_source=direct&utm_medium=Share&utm_campaign=ShareTool"
"223","https://fbref.com/en/matches/b54a64b0/CA-Union-Aldosivi-August-28-2022-Primera-Division?utm_source=direct&utm_medium=Share&utm_campaign=ShareTool"
"224","https://fbref.com/en/matches/f9734664/CA-Huracan-CC-Cordoba-September-1-2022-Primera-Division?utm_source=direct&utm_medium=Share&utm_campaign=ShareTool"
"225","https://fbref.com/en/matches/6f0efd03/Lanus-Tigre-September-3-2022-Primera-Division?utm_source=direct&utm_medium=Share&utm_campaign=ShareTool"
"226","https://fbref.com/en/matches/a7cb5a10/Rosario-Cent-Talleres-September-3-2022-Primera-Division?utm_source=direct&utm_medium=Share&utm_campaign=ShareTool"
"227","https://fbref.com/en/matches/1345d4fd/Velez-Sarsf-Newells-OB-September-3-2022-Primera-Division?utm_source=direct&utm_medium=Share&utm_campaign=ShareTool"
"228","https://fbref.com/en/matches/6701dacb/Aldosivi-Sarmiento-September-3-2022-Primera-Division?utm_source=direct&utm_medium=Share&utm_campaign=ShareTool"
"229","https://fbref.com/en/matches/c1c45469/Racing-Club-Argentinos-Jun-September-3-2022-Primera-Division?utm_source=direct&utm_medium=Share&utm_campaign=ShareTool"
"230","https://fbref.com/en/matches/f4d76490/Gimnasia-ELP-Independiente-September-3-2022-Primera-Division?utm_source=direct&utm_medium=Share&utm_campaign=ShareTool"
"231","https://fbref.com/en/matches/b326372b/Platense-Estudiantes-September-4-2022-Primera-Division?utm_source=direct&utm_medium=Share&utm_campaign=ShareTool"
"232","https://fbref.com/en/matches/c60d8db6/Patronato-CA-Union-September-4-2022-Primera-Division?utm_source=direct&utm_medium=Share&utm_campaign=ShareTool"
"233","https://fbref.com/en/matches/d273592a/Colon-Boca-Juniors-September-4-2022-Primera-Division?utm_source=direct&utm_medium=Share&utm_campaign=ShareTool"
"234","https://fbref.com/en/matches/6b69c55a/River-Plate-Barracas-Central-September-4-2022-Primera-Division?utm_source=direct&utm_medium=Share&utm_campaign=ShareTool"
"235","https://fbref.com/en/matches/2c37eae1/Defensa-y-Just-San-Lorenzo-September-5-2022-Primera-Division?utm_source=direct&utm_medium=Share&utm_campaign=ShareTool"
"236","https://fbref.com/en/matches/c9c0411a/Godoy-Cruz-Arsenal-September-5-2022-Primera-Division?utm_source=direct&utm_medium=Share&utm_campaign=ShareTool"
"237","https://fbref.com/en/matches/2bfebd8b/Tucuman-Banfield-September-5-2022-Primera-Division?utm_source=direct&utm_medium=Share&utm_campaign=ShareTool"
"238","https://fbref.com/en/matches/c4c10ad0/Independiente-Aldosivi-September-8-2022-Primera-Division?utm_source=direct&utm_medium=Share&utm_campaign=ShareTool"
"239","https://fbref.com/en/matches/723a5efd/Argentinos-Jun-Rosario-Cent-September-8-2022-Primera-Division?utm_source=direct&utm_medium=Share&utm_campaign=ShareTool"
"240","https://fbref.com/en/matches/ab576055/CA-Union-Sarmiento-September-8-2022-Primera-Division?utm_source=direct&utm_medium=Share&utm_campaign=ShareTool"
"241","https://fbref.com/en/matches/5ec1a4c0/Barracas-Central-Lanus-September-9-2022-Primera-Division?utm_source=direct&utm_medium=Share&utm_campaign=ShareTool"
"242","https://fbref.com/en/matches/7d2b44b5/Patronato-Platense-September-9-2022-Primera-Division?utm_source=direct&utm_medium=Share&utm_campaign=ShareTool"
"243","https://fbref.com/en/matches/0f22537a/Estudiantes-Racing-Club-September-9-2022-Primera-Division?utm_source=direct&utm_medium=Share&utm_campaign=ShareTool"
"244","https://fbref.com/en/matches/f224491d/Tigre-CA-Huracan-September-9-2022-Primera-Division?utm_source=direct&utm_medium=Share&utm_campaign=ShareTool"
"245","https://fbref.com/en/matches/33f27634/CC-Cordoba-Godoy-Cruz-September-10-2022-Primera-Division?utm_source=direct&utm_medium=Share&utm_campaign=ShareTool"
"246","https://fbref.com/en/matches/ffe47979/San-Lorenzo-Tucuman-September-10-2022-Primera-Division?utm_source=direct&utm_medium=Share&utm_campaign=ShareTool"
"247","https://fbref.com/en/matches/188cd465/Banfield-Colon-September-10-2022-Primera-Division?utm_source=direct&utm_medium=Share&utm_campaign=ShareTool"
"248","https://fbref.com/en/matches/76f9c54d/Newells-OB-Gimnasia-ELP-September-11-2022-Primera-Division?utm_source=direct&utm_medium=Share&utm_campaign=ShareTool"
"249","https://fbref.com/en/matches/c5f935a4/Arsenal-Velez-Sarsf-September-11-2022-Primera-Division?utm_source=direct&utm_medium=Share&utm_campaign=ShareTool"
"250","https://fbref.com/en/matches/7958b919/Superclasico-Boca-Juniors-River-Plate-September-11-2022-Primera-Division?utm_source=direct&utm_medium=Share&utm_campaign=ShareTool"
"251","https://fbref.com/en/matches/5a690275/Talleres-Defensa-y-Just-September-11-2022-Primera-Division?utm_source=direct&utm_medium=Share&utm_campaign=ShareTool"
"252","https://fbref.com/en/matches/c7bb5aba/Sarmiento-Independiente-September-12-2022-Primera-Division?utm_source=direct&utm_medium=Share&utm_campaign=ShareTool"
"253","https://fbref.com/en/matches/2c21ad05/CA-Huracan-Barracas-Central-September-13-2022-Primera-Division?utm_source=direct&utm_medium=Share&utm_campaign=ShareTool"
"254","https://fbref.com/en/matches/3eee009a/Godoy-Cruz-Tigre-September-13-2022-Primera-Division?utm_source=direct&utm_medium=Share&utm_campaign=ShareTool"
"255","https://fbref.com/en/matches/ac83729e/Aldosivi-Newells-OB-September-14-2022-Primera-Division?utm_source=direct&utm_medium=Share&utm_campaign=ShareTool"
"256","https://fbref.com/en/matches/e472aa1b/Colon-San-Lorenzo-September-14-2022-Primera-Division?utm_source=direct&utm_medium=Share&utm_campaign=ShareTool"
"257","https://fbref.com/en/matches/828787a3/River-Plate-Banfield-September-14-2022-Primera-Division?utm_source=direct&utm_medium=Share&utm_campaign=ShareTool"
"258","https://fbref.com/en/matches/a4295e2b/Platense-CA-Union-September-13-2022-Primera-Division?utm_source=direct&utm_medium=Share&utm_campaign=ShareTool"
"259","https://fbref.com/en/matches/de5d3397/Racing-Club-Patronato-September-13-2022-Primera-Division?utm_source=direct&utm_medium=Share&utm_campaign=ShareTool"
"260","https://fbref.com/en/matches/8f66ceb2/Defensa-y-Just-Argentinos-Jun-September-15-2022-Primera-Division?utm_source=direct&utm_medium=Share&utm_campaign=ShareTool"
"261","https://fbref.com/en/matches/fa906965/Rosario-Cent-Estudiantes-September-15-2022-Primera-Division?utm_source=direct&utm_medium=Share&utm_campaign=ShareTool"
"262","https://fbref.com/en/matches/17e1625f/Lanus-Boca-Juniors-September-14-2022-Primera-Division?utm_source=direct&utm_medium=Share&utm_campaign=ShareTool"
"263","https://fbref.com/en/matches/5ec1dba3/Tucuman-Talleres-September-15-2022-Primera-Division?utm_source=direct&utm_medium=Share&utm_campaign=ShareTool"
"264","https://fbref.com/en/matches/aeb8c68b/Gimnasia-ELP-Arsenal-September-15-2022-Primera-Division?utm_source=direct&utm_medium=Share&utm_campaign=ShareTool"
"265","https://fbref.com/en/matches/32590c1f/Barracas-Central-Godoy-Cruz-September-17-2022-Primera-Division?utm_source=direct&utm_medium=Share&utm_campaign=ShareTool"
"266","https://fbref.com/en/matches/c916ba89/Newells-OB-Sarmiento-September-17-2022-Primera-Division?utm_source=direct&utm_medium=Share&utm_campaign=ShareTool"
"267","https://fbref.com/en/matches/5073e5a3/Tigre-Velez-Sarsf-September-18-2022-Primera-Division?utm_source=direct&utm_medium=Share&utm_campaign=ShareTool"
"268","https://fbref.com/en/matches/f88f7c7f/San-Lorenzo-River-Plate-September-18-2022-Primera-Division?utm_source=direct&utm_medium=Share&utm_campaign=ShareTool"
"269","https://fbref.com/en/matches/49c0f5c1/Banfield-Lanus-September-18-2022-Primera-Division?utm_source=direct&utm_medium=Share&utm_campaign=ShareTool"
"270","https://fbref.com/en/matches/3f9d15fa/Platense-Racing-Club-September-18-2022-Primera-Division?utm_source=direct&utm_medium=Share&utm_campaign=ShareTool"
"271","https://fbref.com/en/matches/fc973639/Talleres-Colon-September-18-2022-Primera-Division?utm_source=direct&utm_medium=Share&utm_campaign=ShareTool"
"272","https://fbref.com/en/matches/0788dd10/Arsenal-Aldosivi-September-19-2022-Primera-Division?utm_source=direct&utm_medium=Share&utm_campaign=ShareTool"
"273","https://fbref.com/en/matches/bb3df374/CA-Union-Independiente-September-19-2022-Primera-Division?utm_source=direct&utm_medium=Share&utm_campaign=ShareTool"
"274","https://fbref.com/en/matches/cbcf5b8a/Boca-Juniors-CA-Huracan-September-19-2022-Primera-Division?utm_source=direct&utm_medium=Share&utm_campaign=ShareTool"
"275","https://fbref.com/en/matches/5c562cc2/Patronato-Rosario-Cent-September-20-2022-Primera-Division?utm_source=direct&utm_medium=Share&utm_campaign=ShareTool"
"276","https://fbref.com/en/matches/d6958132/CC-Cordoba-Gimnasia-ELP-September-20-2022-Primera-Division?utm_source=direct&utm_medium=Share&utm_campaign=ShareTool"
"277","https://fbref.com/en/matches/0d93f3f9/Estudiantes-Defensa-y-Just-September-19-2022-Primera-Division?utm_source=direct&utm_medium=Share&utm_campaign=ShareTool"
"278","https://fbref.com/en/matches/5be1fe76/Argentinos-Jun-Tucuman-September-19-2022-Primera-Division?utm_source=direct&utm_medium=Share&utm_campaign=ShareTool"
"279","https://fbref.com/en/matches/8162ae16/CA-Huracan-Banfield-September-23-2022-Primera-Division?utm_source=direct&utm_medium=Share&utm_campaign=ShareTool"
"280","https://fbref.com/en/matches/a891aeae/Godoy-Cruz-Boca-Juniors-September-23-2022-Primera-Division?utm_source=direct&utm_medium=Share&utm_campaign=ShareTool"
"281","https://fbref.com/en/matches/07a24129/Defensa-y-Just-Patronato-September-24-2022-Primera-Division?utm_source=direct&utm_medium=Share&utm_campaign=ShareTool"
"282","https://fbref.com/en/matches/8558fac8/Sarmiento-Arsenal-September-24-2022-Primera-Division?utm_source=direct&utm_medium=Share&utm_campaign=ShareTool"
"283","https://fbref.com/en/matches/a8af4141/Lanus-San-Lorenzo-September-24-2022-Primera-Division?utm_source=direct&utm_medium=Share&utm_campaign=ShareTool"
"284","https://fbref.com/en/matches/8934676b/River-Plate-Talleres-September-24-2022-Primera-Division?utm_source=direct&utm_medium=Share&utm_campaign=ShareTool"
"285","https://fbref.com/en/matches/56249994/Independiente-Newells-OB-September-24-2022-Primera-Division?utm_source=direct&utm_medium=Share&utm_campaign=ShareTool"
"286","https://fbref.com/en/matches/cbd55061/Rosario-Cent-Platense-September-25-2022-Primera-Division?utm_source=direct&utm_medium=Share&utm_campaign=ShareTool"
"287","https://fbref.com/en/matches/de0d46ec/Gimnasia-ELP-Tigre-September-25-2022-Primera-Division?utm_source=direct&utm_medium=Share&utm_campaign=ShareTool"
"288","https://fbref.com/en/matches/fc9c162a/Racing-Club-CA-Union-September-25-2022-Primera-Division?utm_source=direct&utm_medium=Share&utm_campaign=ShareTool"
"289","https://fbref.com/en/matches/a85a65d6/Tucuman-Estudiantes-September-25-2022-Primera-Division?utm_source=direct&utm_medium=Share&utm_campaign=ShareTool"
"290","https://fbref.com/en/matches/b447d2e7/Velez-Sarsf-Barracas-Central-September-25-2022-Primera-Division?utm_source=direct&utm_medium=Share&utm_campaign=ShareTool"
"291","https://fbref.com/en/matches/5e1c35a4/Aldosivi-CC-Cordoba-September-26-2022-Primera-Division?utm_source=direct&utm_medium=Share&utm_campaign=ShareTool"
"292","https://fbref.com/en/matches/74400708/Colon-Argentinos-Jun-September-26-2022-Primera-Division?utm_source=direct&utm_medium=Share&utm_campaign=ShareTool"
"293","https://fbref.com/en/matches/05198044/Barracas-Central-Gimnasia-ELP-September-29-2022-Primera-Division?utm_source=direct&utm_medium=Share&utm_campaign=ShareTool"
"294","https://fbref.com/en/matches/5bb607c0/Tigre-Aldosivi-September-30-2022-Primera-Division?utm_source=direct&utm_medium=Share&utm_campaign=ShareTool"
"295","https://fbref.com/en/matches/7862baf3/Estudiantes-Colon-September-30-2022-Primera-Division?utm_source=direct&utm_medium=Share&utm_campaign=ShareTool"
"296","https://fbref.com/en/matches/428a12ea/CC-Cordoba-Sarmiento-October-1-2022-Primera-Division?utm_source=direct&utm_medium=Share&utm_campaign=ShareTool"
"297","https://fbref.com/en/matches/4855f99d/Platense-Defensa-y-Just-October-1-2022-Primera-Division?utm_source=direct&utm_medium=Share&utm_campaign=ShareTool"
"298","https://fbref.com/en/matches/4462ad4a/San-Lorenzo-CA-Huracan-October-1-2022-Primera-Division?utm_source=direct&utm_medium=Share&utm_campaign=ShareTool"
"299","https://fbref.com/en/matches/b0328eba/Banfield-Godoy-Cruz-October-1-2022-Primera-Division?utm_source=direct&utm_medium=Share&utm_campaign=ShareTool"
"300","https://fbref.com/en/matches/8dc38e89/Arsenal-Independiente-October-1-2022-Primera-Division?utm_source=direct&utm_medium=Share&utm_campaign=ShareTool"
"301","https://fbref.com/en/matches/31ae5135/Racing-Club-Rosario-Cent-September-30-2022-Primera-Division?utm_source=direct&utm_medium=Share&utm_campaign=ShareTool"
"302","https://fbref.com/en/matches/a7545792/CA-Union-Newells-OB-September-30-2022-Primera-Division?utm_source=direct&utm_medium=Share&utm_campaign=ShareTool"
"303","https://fbref.com/en/matches/9ef93922/Patronato-Tucuman-October-2-2022-Primera-Division?utm_source=direct&utm_medium=Share&utm_campaign=ShareTool"
"304","https://fbref.com/en/matches/667c86a2/Boca-Juniors-Velez-Sarsf-October-2-2022-Primera-Division?utm_source=direct&utm_medium=Share&utm_campaign=ShareTool"
"305","https://fbref.com/en/matches/dd7474e3/Talleres-Lanus-October-2-2022-Primera-Division?utm_source=direct&utm_medium=Share&utm_campaign=ShareTool"
"306","https://fbref.com/en/matches/40978651/Argentinos-Jun-River-Plate-October-2-2022-Primera-Division?utm_source=direct&utm_medium=Share&utm_campaign=ShareTool"
"307","https://fbref.com/en/matches/31466748/Rosario-Cent-CA-Union-October-3-2022-Primera-Division?utm_source=direct&utm_medium=Share&utm_campaign=ShareTool"
"308","https://fbref.com/en/matches/37f44e39/Aldosivi-Barracas-Central-October-4-2022-Primera-Division?utm_source=direct&utm_medium=Share&utm_campaign=ShareTool"
"309","https://fbref.com/en/matches/1f6f53e3/Newells-OB-Arsenal-October-4-2022-Primera-Division?utm_source=direct&utm_medium=Share&utm_campaign=ShareTool"
"310","https://fbref.com/en/matches/6b3b2653/Godoy-Cruz-San-Lorenzo-October-4-2022-Primera-Division?utm_source=direct&utm_medium=Share&utm_campaign=ShareTool"
"311","https://fbref.com/en/matches/0687311b/Sarmiento-Tigre-October-4-2022-Primera-Division?utm_source=direct&utm_medium=Share&utm_campaign=ShareTool"
"312","https://fbref.com/en/matches/a004e6a4/Colon-Patronato-October-5-2022-Primera-Division?utm_source=direct&utm_medium=Share&utm_campaign=ShareTool"
"313","https://fbref.com/en/matches/7285fdcd/Defensa-y-Just-Racing-Club-October-5-2022-Primera-Division?utm_source=direct&utm_medium=Share&utm_campaign=ShareTool"
"314","https://fbref.com/en/matches/b8bb6975/Tucuman-Platense-October-5-2022-Primera-Division?utm_source=direct&utm_medium=Share&utm_campaign=ShareTool"
"315","https://fbref.com/en/matches/30f443db/Velez-Sarsf-Banfield-October-4-2022-Primera-Division?utm_source=direct&utm_medium=Share&utm_campaign=ShareTool"
"316","https://fbref.com/en/matches/53da9ee0/Lanus-Argentinos-Jun-October-6-2022-Primera-Division?utm_source=direct&utm_medium=Share&utm_campaign=ShareTool"
"317","https://fbref.com/en/matches/c5426e57/CA-Huracan-Talleres-October-6-2022-Primera-Division?utm_source=direct&utm_medium=Share&utm_campaign=ShareTool"
"318","https://fbref.com/en/matches/1e7a263a/Independiente-CC-Cordoba-October-5-2022-Primera-Division?utm_source=direct&utm_medium=Share&utm_campaign=ShareTool"
"319","https://fbref.com/en/matches/6cfb93fd/River-Plate-Estudiantes-October-5-2022-Primera-Division?utm_source=direct&utm_medium=Share&utm_campaign=ShareTool"
"320","https://fbref.com/en/matches/6cd89d6e/Barracas-Central-Sarmiento-October-8-2022-Primera-Division?utm_source=direct&utm_medium=Share&utm_campaign=ShareTool"
"321","https://fbref.com/en/matches/26c68d1d/San-Lorenzo-Velez-Sarsf-October-8-2022-Primera-Division?utm_source=direct&utm_medium=Share&utm_campaign=ShareTool"
"322","https://fbref.com/en/matches/f2c9f9ad/CA-Union-Arsenal-October-8-2022-Primera-Division?utm_source=direct&utm_medium=Share&utm_campaign=ShareTool"
"323","https://fbref.com/en/matches/aa0cda37/Platense-Colon-October-8-2022-Primera-Division?utm_source=direct&utm_medium=Share&utm_campaign=ShareTool"
"324","https://fbref.com/en/matches/e2685879/Tigre-Independiente-October-9-2022-Primera-Division?utm_source=direct&utm_medium=Share&utm_campaign=ShareTool"
"325","https://fbref.com/en/matches/100a2ea4/Banfield-Gimnasia-ELP-October-9-2022-Primera-Division?utm_source=direct&utm_medium=Share&utm_campaign=ShareTool"
"326","https://fbref.com/en/matches/96c7f3c4/Talleres-Godoy-Cruz-October-9-2022-Primera-Division?utm_source=direct&utm_medium=Share&utm_campaign=ShareTool"
"327","https://fbref.com/en/matches/ad433826/Boca-Juniors-Aldosivi-October-9-2022-Primera-Division?utm_source=direct&utm_medium=Share&utm_campaign=ShareTool"
"328","https://fbref.com/en/matches/c47811ef/Patronato-River-Plate-October-9-2022-Primera-Division?utm_source=direct&utm_medium=Share&utm_campaign=ShareTool"
"329","https://fbref.com/en/matches/1152b32c/Rosario-Cent-Defensa-y-Just-October-10-2022-Primera-Division?utm_source=direct&utm_medium=Share&utm_campaign=ShareTool"
"330","https://fbref.com/en/matches/b299ff49/Argentinos-Jun-CA-Huracan-October-10-2022-Primera-Division?utm_source=direct&utm_medium=Share&utm_campaign=ShareTool"
"331","https://fbref.com/en/matches/64897e9c/Estudiantes-Lanus-October-10-2022-Primera-Division?utm_source=direct&utm_medium=Share&utm_campaign=ShareTool"
"332","https://fbref.com/en/matches/bf090589/Racing-Club-Tucuman-October-10-2022-Primera-Division?utm_source=direct&utm_medium=Share&utm_campaign=ShareTool"
"333","https://fbref.com/en/matches/487284ea/CC-Cordoba-Newells-OB-October-10-2022-Primera-Division?utm_source=direct&utm_medium=Share&utm_campaign=ShareTool"
"334","https://fbref.com/en/matches/6a02d2f4/Aldosivi-Banfield-October-12-2022-Primera-Division?utm_source=direct&utm_medium=Share&utm_campaign=ShareTool"
"335","https://fbref.com/en/matches/5904e3d3/Sarmiento-Boca-Juniors-October-12-2022-Primera-Division?utm_source=direct&utm_medium=Share&utm_campaign=ShareTool"
"336","https://fbref.com/en/matches/7b93d738/Gimnasia-ELP-San-Lorenzo-October-12-2022-Primera-Division?utm_source=direct&utm_medium=Share&utm_campaign=ShareTool"
"337","https://fbref.com/en/matches/fdbcba38/Independiente-Barracas-Central-October-12-2022-Primera-Division?utm_source=direct&utm_medium=Share&utm_campaign=ShareTool"
"338","https://fbref.com/en/matches/d7438a1a/Velez-Sarsf-Talleres-October-13-2022-Primera-Division?utm_source=direct&utm_medium=Share&utm_campaign=ShareTool"
"339","https://fbref.com/en/matches/8f7f83b7/Lanus-Patronato-October-13-2022-Primera-Division?utm_source=direct&utm_medium=Share&utm_campaign=ShareTool"
"340","https://fbref.com/en/matches/e15bb529/Godoy-Cruz-Argentinos-Jun-October-13-2022-Primera-Division?utm_source=direct&utm_medium=Share&utm_campaign=ShareTool"
"341","https://fbref.com/en/matches/96532b3c/River-Plate-Platense-October-12-2022-Primera-Division?utm_source=direct&utm_medium=Share&utm_campaign=ShareTool"
"342","https://fbref.com/en/matches/c1075775/Colon-Racing-Club-October-14-2022-Primera-Division?utm_source=direct&utm_medium=Share&utm_campaign=ShareTool"
"343","https://fbref.com/en/matches/48c0e251/CA-Huracan-Estudiantes-October-14-2022-Primera-Division?utm_source=direct&utm_medium=Share&utm_campaign=ShareTool"
"344","https://fbref.com/en/matches/8e7f8770/Defensa-y-Just-CA-Union-October-14-2022-Primera-Division?utm_source=direct&utm_medium=Share&utm_campaign=ShareTool"
"345","https://fbref.com/en/matches/1fc78d58/Newells-OB-Tigre-October-13-2022-Primera-Division?utm_source=direct&utm_medium=Share&utm_campaign=ShareTool"
"346","https://fbref.com/en/matches/a693c8eb/Tucuman-Rosario-Cent-October-13-2022-Primera-Division?utm_source=direct&utm_medium=Share&utm_campaign=ShareTool"
"347","https://fbref.com/en/matches/be73ca35/Arsenal-CC-Cordoba-October-14-2022-Primera-Division?utm_source=direct&utm_medium=Share&utm_campaign=ShareTool"
"348","https://fbref.com/en/matches/9a965953/Aldosivi-Talleres-October-16-2022-Primera-Division?utm_source=direct&utm_medium=Share&utm_campaign=ShareTool"
"349","https://fbref.com/en/matches/36849eae/Newells-OB-Boca-Juniors-October-16-2022-Primera-Division?utm_source=direct&utm_medium=Share&utm_campaign=ShareTool"
"350","https://fbref.com/en/matches/1983f868/Independiente-Banfield-October-16-2022-Primera-Division?utm_source=direct&utm_medium=Share&utm_campaign=ShareTool"
"351","https://fbref.com/en/matches/326326a8/Godoy-Cruz-Patronato-October-16-2022-Primera-Division?utm_source=direct&utm_medium=Share&utm_campaign=ShareTool"
"352","https://fbref.com/en/matches/591b9345/River-Plate-Rosario-Cent-October-16-2022-Primera-Division?utm_source=direct&utm_medium=Share&utm_campaign=ShareTool"
"353","https://fbref.com/en/matches/d007ed46/Arsenal-Barracas-Central-October-17-2022-Primera-Division?utm_source=direct&utm_medium=Share&utm_campaign=ShareTool"
"354","https://fbref.com/en/matches/9c088aad/Gimnasia-ELP-Argentinos-Jun-October-17-2022-Primera-Division?utm_source=direct&utm_medium=Share&utm_campaign=ShareTool"
"355","https://fbref.com/en/matches/0aa51d46/Velez-Sarsf-Estudiantes-October-17-2022-Primera-Division?utm_source=direct&utm_medium=Share&utm_campaign=ShareTool"
"356","https://fbref.com/en/matches/6c2e16e5/Colon-Defensa-y-Just-October-18-2022-Primera-Division?utm_source=direct&utm_medium=Share&utm_campaign=ShareTool"
"357","https://fbref.com/en/matches/dfcec263/Lanus-Racing-Club-October-18-2022-Primera-Division?utm_source=direct&utm_medium=Share&utm_campaign=ShareTool"
"358","https://fbref.com/en/matches/83df5eb7/Sarmiento-San-Lorenzo-October-17-2022-Primera-Division?utm_source=direct&utm_medium=Share&utm_campaign=ShareTool"
"359","https://fbref.com/en/matches/dd7c761d/Tucuman-CA-Union-October-17-2022-Primera-Division?utm_source=direct&utm_medium=Share&utm_campaign=ShareTool"
"360","https://fbref.com/en/matches/77987c03/CA-Huracan-Platense-October-18-2022-Primera-Division?utm_source=direct&utm_medium=Share&utm_campaign=ShareTool"
"361","https://fbref.com/en/matches/f29fb075/CC-Cordoba-Tigre-October-18-2022-Primera-Division?utm_source=direct&utm_medium=Share&utm_campaign=ShareTool"
"362","https://fbref.com/en/matches/4bafd1b6/Gimnasia-ELP-Boca-Juniors-October-20-2022-Primera-Division?utm_source=direct&utm_medium=Share&utm_campaign=ShareTool"
"363","https://fbref.com/en/matches/b250402c/Talleres-CA-Union-October-19-2022-Primera-Division?utm_source=direct&utm_medium=Share&utm_campaign=ShareTool"
"364","https://fbref.com/en/matches/8b991b1d/CA-Union-CC-Cordoba-October-22-2022-Primera-Division?utm_source=direct&utm_medium=Share&utm_campaign=ShareTool"
"365","https://fbref.com/en/matches/04d2f836/Defensa-y-Just-Tucuman-October-22-2022-Primera-Division?utm_source=direct&utm_medium=Share&utm_campaign=ShareTool"
"366","https://fbref.com/en/matches/17f9dcab/Estudiantes-Godoy-Cruz-October-22-2022-Primera-Division?utm_source=direct&utm_medium=Share&utm_campaign=ShareTool"
"367","https://fbref.com/en/matches/bc194a47/San-Lorenzo-Aldosivi-October-22-2022-Primera-Division?utm_source=direct&utm_medium=Share&utm_campaign=ShareTool"
"368","https://fbref.com/en/matches/f05a8247/Argentinos-Jun-Velez-Sarsf-October-22-2022-Primera-Division?utm_source=direct&utm_medium=Share&utm_campaign=ShareTool"
"369","https://fbref.com/en/matches/d80e78cf/Banfield-Sarmiento-October-23-2022-Primera-Division?utm_source=direct&utm_medium=Share&utm_campaign=ShareTool"
"370","https://fbref.com/en/matches/ca8c0ae9/Talleres-Gimnasia-ELP-October-23-2022-Primera-Division?utm_source=direct&utm_medium=Share&utm_campaign=ShareTool"
"371","https://fbref.com/en/matches/20ad735e/Boca-Juniors-Independiente-October-23-2022-Primera-Division?utm_source=direct&utm_medium=Share&utm_campaign=ShareTool"
"372","https://fbref.com/en/matches/2ca6b724/Patronato-CA-Huracan-October-23-2022-Primera-Division?utm_source=direct&utm_medium=Share&utm_campaign=ShareTool"
"373","https://fbref.com/en/matches/db08ffd7/Racing-Club-River-Plate-October-23-2022-Primera-Division?utm_source=direct&utm_medium=Share&utm_campaign=ShareTool"
"374","https://fbref.com/en/matches/803b8827/Barracas-Central-Newells-OB-October-24-2022-Primera-Division?utm_source=direct&utm_medium=Share&utm_campaign=ShareTool"
"375","https://fbref.com/en/matches/f7a2d36a/Rosario-Cent-Colon-October-24-2022-Primera-Division?utm_source=direct&utm_medium=Share&utm_campaign=ShareTool"
"376","https://fbref.com/en/matches/e3f14bb9/Tigre-Arsenal-October-24-2022-Primera-Division?utm_source=direct&utm_medium=Share&utm_campaign=ShareTool"
"377","https://fbref.com/en/matches/7c77a9a9/Velez-Sarsf-CC-Cordoba-October-25-2022-Primera-Division?utm_source=direct&utm_medium=Share&utm_campaign=ShareTool"
"378","https://fbref.com/en/matches/4ff2ed95/Platense-Lanus-October-25-2022-Primera-Division?utm_source=direct&utm_medium=Share&utm_campaign=ShareTool"
"379","https://www.sports-reference.com/sharing.html?utm_source=direct&utm_medium=Share&utm_campaign=ShareTool"
"380","https://fbref.com/en/comps/21/schedule/Primera-Division-Scores-and-Fixtures?sr&utm_source=direct&utm_medium=Share&utm_campaign=ShareTool#sched_2022_21_1"
